CustomerID,CustomerName
1,Customer_001
2,Customer_002
3,Customer_003
4,Customer_004
5,Customer_005
6,Customer_006
7,Customer_007
8,Customer_008
9,Customer_009
10,Customer_010
11,Customer_011
12,Customer_012
13,Customer_013
14,Customer_014
15,Customer_015
16,Customer_016
17,Customer_017
18,Customer_018
19,Customer_019
20,Customer_020
21,Customer_021
22,Customer_022
23,Customer_023
24,Customer_024
25,Customer_025
26,Customer_026
27,Customer_027
28,Customer_028
29,Customer_029
30,Customer_030
31,Customer_031
32,Customer_032
33,Customer_033
34,Customer_034
35,Customer_035
36,Customer_036
37,Customer_037
38,Customer_038
39,Customer_039
40,Customer_040
41,Customer_041
42,Customer_042
43,Customer_043
44,Customer_044
45,Customer_045
46,Customer_046
47,Customer_047
48,Customer_048
49,Customer_049
50,Customer_050
51,Customer_051
52,Customer_052
53,Customer_053
54,Customer_054
55,Customer_055
56,Customer_056
57,Customer_057
58,Customer_058
59,Customer_059
60,Customer_060
61,Customer_061
62,Customer_062
63,Customer_063
64,Customer_064
65,Customer_065
66,Customer_066
67,Customer_067
68,Customer_068
69,Customer_069
70,Customer_070
71,Customer_071
72,Customer_072
73,Customer_073
74,Customer_074
75,Customer_075
76,Customer_076
77,Customer_077
78,Customer_078
79,Customer_079
80,Customer_080
81,Customer_081
82,Customer_082
83,Customer_083
84,Customer_084
85,Customer_085
86,Customer_086
87,Customer_087
88,Customer_088
89,Customer_089
90,Customer_090
91,Customer_091
92,Customer_092
93,Customer_093
94,Customer_094
95,Customer_095
96,Customer_096
97,Customer_097
98,Customer_098
99,Customer_099
100,Customer_100
